auc,f1,accuracy,model,split,seed,dataset
0.7884227296866703,0.5308641975308642,0.775811209439528,LogReg,random,42,promise_ant
0.7857142857142857,0.4,0.7964601769911505,RandomForest,random,42,promise_ant
0.7564524694636219,0.375,0.7935103244837758,XGBoost,random,42,promise_ant
0.7473977695167286,0.41379310344827586,0.799410029498525,LightGBM,random,42,promise_ant
0.7647371216144451,0.3434343434343434,0.8082595870206489,SimpleMLP,random,42,promise_ant
0.788688263409453,0.42276422764227645,0.7905604719764012,ResNet,random,42,promise_ant
0.789060010621349,0.46956521739130436,0.8200589970501475,FTTransformer,random,42,promise_ant
0.7979690783860831,0.5468354430379747,0.7597315436241611,LogReg,temporal,42,promise_ant
0.7763853340824438,0.42105263157894735,0.8080536912751678,RandomForest,temporal,42,promise_ant
0.7474821566056975,0.4632352941176471,0.8040268456375839,XGBoost,temporal,42,promise_ant
0.7567732068169049,0.45185185185185184,0.8013422818791947,LightGBM,temporal,42,promise_ant
0.752554258484716,0.41911764705882354,0.7879194630872484,SimpleMLP,temporal,42,promise_ant
0.7197702728010488,0.4511784511784512,0.7812080536912752,ResNet,temporal,42,promise_ant
0.7979066525168029,0.4149377593360996,0.810738255033557,FTTransformer,temporal,42,promise_ant
0.8467870419543282,0.5869565217391305,0.775811209439528,LogReg,random,123,promise_ant
0.7988847583643124,0.45528455284552843,0.8023598820058997,RandomForest,random,123,promise_ant
0.7776951672862453,0.4878048780487805,0.8141592920353983,XGBoost,random,123,promise_ant
0.7429633563462561,0.4462809917355372,0.8023598820058997,LightGBM,random,123,promise_ant
0.7964949548592672,0.42,0.8289085545722714,SimpleMLP,random,123,promise_ant
0.7766330323951143,0.43902439024390244,0.7964601769911505,ResNet,random,123,promise_ant
0.8458842272968666,0.5272727272727272,0.8466076696165191,FTTransformer,random,123,promise_ant
0.7979690783860831,0.5468354430379747,0.7597315436241611,LogReg,temporal,123,promise_ant
0.7793037434712944,0.4330708661417323,0.8067114093959732,RandomForest,temporal,123,promise_ant
0.7535998917951601,0.4632352941176471,0.8040268456375839,XGBoost,temporal,123,promise_ant
0.7539016168300143,0.4731182795698925,0.8026845637583893,LightGBM,temporal,123,promise_ant
0.748819110639449,0.4108527131782946,0.7959731543624161,SimpleMLP,temporal,123,promise_ant
0.7396425078552553,0.40892193308550184,0.7865771812080536,ResNet,temporal,123,promise_ant
0.8009655201115343,0.5486111111111112,0.825503355704698,FTTransformer,temporal,123,promise_ant
0.7749867233138608,0.5562130177514792,0.7787610619469026,LogReg,random,456,promise_ant
0.7533722782793415,0.4,0.7964601769911505,RandomForest,random,456,promise_ant
0.7298990971853426,0.35294117647058826,0.7728613569321534,XGBoost,random,456,promise_ant
0.7369091874668083,0.4107142857142857,0.8053097345132744,LightGBM,random,456,promise_ant
0.752947424322889,0.37037037037037035,0.799410029498525,SimpleMLP,random,456,promise_ant
0.7390334572490707,0.43548387096774194,0.7935103244837758,ResNet,random,456,promise_ant
0.7592140201805629,0.4444444444444444,0.8230088495575221,FTTransformer,random,456,promise_ant
0.7979690783860831,0.5468354430379747,0.7597315436241611,LogReg,temporal,456,promise_ant
0.7793661693405748,0.4302788844621514,0.8080536912751678,RandomForest,temporal,456,promise_ant
0.7590309424225399,0.42748091603053434,0.7986577181208053,XGBoost,temporal,456,promise_ant
0.751903989013047,0.4740740740740741,0.8093959731543624,LightGBM,temporal,456,promise_ant
0.7487670890817155,0.41044776119402987,0.7879194630872484,SimpleMLP,temporal,456,promise_ant
0.7090954491541295,0.3651452282157676,0.7946308724832215,ResNet,temporal,456,promise_ant
0.7960234721268493,0.539568345323741,0.8281879194630872,FTTransformer,temporal,456,promise_ant
0.7038723916532905,0.42066420664206644,0.718132854578097,LogReg,random,42,promise_camel
0.7627307383627608,0.34972677595628415,0.7863554757630161,RandomForest,random,42,promise_camel
0.7614767255216692,0.4270833333333333,0.8025134649910234,XGBoost,random,42,promise_camel
0.7495585874799358,0.3707865168539326,0.7989228007181328,LightGBM,random,42,promise_camel
0.7333868378812198,0.2127659574468085,0.800718132854578,SimpleMLP,random,42,promise_camel
0.7021468699839486,0.378698224852071,0.8114901256732495,ResNet,random,42,promise_camel
0.702808988764045,0.2302158273381295,0.8078994614003591,FTTransformer,random,42,promise_camel
0.6326090528218187,0.36182902584493043,0.6673575129533679,LogReg,temporal,42,promise_camel
0.7125845450313535,0.3509933774834437,0.7968911917098446,RandomForest,temporal,42,promise_camel
0.7264574605000136,0.3769968051118211,0.7979274611398963,XGBoost,temporal,42,promise_camel
0.7243763520359265,0.3684210526315789,0.8010362694300518,LightGBM,temporal,42,promise_camel
0.6885867630548481,0.26058631921824105,0.7647668393782383,SimpleMLP,temporal,42,promise_camel
0.6944467263616201,0.3560830860534125,0.7751295336787565,ResNet,temporal,42,promise_camel
0.6274747391768668,0.3425414364640884,0.7533678756476684,FTTransformer,temporal,42,promise_camel
0.7087479935794543,0.4575645756457565,0.7360861759425493,LogReg,random,123,promise_camel
0.7885433386837881,0.4444444444444444,0.8114901256732495,RandomForest,random,123,promise_camel
0.7894462279293739,0.4375,0.8061041292639138,XGBoost,random,123,promise_camel
0.7883727929373997,0.46994535519125685,0.8258527827648114,LightGBM,random,123,promise_camel
0.7586276083467094,0.39263803680981596,0.822262118491921,SimpleMLP,random,123,promise_camel
0.7475922953451044,0.40641711229946526,0.800718132854578,ResNet,random,123,promise_camel
0.7053571428571428,0.2318840579710145,0.8096947935368043,FTTransformer,random,123,promise_camel
0.6326090528218187,0.36182902584493043,0.6673575129533679,LogReg,temporal,123,promise_camel
0.7159560776582053,0.34415584415584416,0.7906735751295336,RandomForest,temporal,123,promise_camel
0.7215079821462801,0.38961038961038963,0.805181347150259,XGBoost,temporal,123,promise_camel
0.7306196774281881,0.39228295819935693,0.8041450777202073,LightGBM,temporal,123,promise_camel
0.6856978559106218,0.28391167192429023,0.7647668393782383,SimpleMLP,temporal,123,promise_camel
0.7134505325994688,0.3735632183908046,0.7740932642487046,ResNet,temporal,123,promise_camel
0.6415427585640352,0.26153846153846155,0.8010362694300518,FTTransformer,temporal,123,promise_camel
0.6848214285714286,0.4041095890410959,0.6876122082585279,LogReg,random,456,promise_camel
0.7559991974317817,0.35978835978835977,0.7827648114901257,RandomForest,random,456,promise_camel
0.753741974317817,0.42391304347826086,0.8096947935368043,XGBoost,random,456,promise_camel
0.7552668539325842,0.4245810055865922,0.8150807899461401,LightGBM,random,456,promise_camel
0.7494682985553771,0.3018867924528302,0.800718132854578,SimpleMLP,random,456,promise_camel
0.7629113162118779,0.36585365853658536,0.8132854578096947,ResNet,random,456,promise_camel
0.6452347512038523,0.28378378378378377,0.8096947935368043,FTTransformer,random,456,promise_camel
0.6326090528218187,0.36182902584493043,0.6673575129533679,LogReg,temporal,456,promise_camel
0.7123894411128454,0.35526315789473684,0.7968911917098446,RandomForest,temporal,456,promise_camel
0.7322215832854131,0.4,0.8072538860103627,XGBoost,temporal,456,promise_camel
0.7259371833839919,0.39344262295081966,0.8082901554404145,LightGBM,temporal,456,promise_camel
0.7046537418877844,0.35294117647058826,0.783419689119171,SimpleMLP,temporal,456,promise_camel
0.7128138777074947,0.33015873015873015,0.7813471502590673,ResNet,temporal,456,promise_camel
0.6314042005531368,0.26277372262773724,0.7906735751295336,FTTransformer,temporal,456,promise_camel
0.7913105413105412,0.4444444444444444,0.7163120567375887,LogReg,random,42,promise_ivy
0.8110754985754985,0.25806451612903225,0.8368794326241135,RandomForest,random,42,promise_ivy
0.7467948717948718,0.2857142857142857,0.8226950354609929,XGBoost,random,42,promise_ivy
0.7891737891737892,0.23529411764705882,0.8156028368794326,LightGBM,random,42,promise_ivy
0.7254273504273504,0.35,0.8156028368794326,SimpleMLP,random,42,promise_ivy
0.7973646723646722,0.35,0.8156028368794326,ResNet,random,42,promise_ivy
0.7425213675213674,0.14285714285714285,0.8297872340425532,FTTransformer,random,42,promise_ivy
0.6827724358974359,0.294478527607362,0.6732954545454546,LogReg,temporal,42,promise_ivy
0.7721554487179487,0.3548387096774194,0.8863636363636364,RandomForest,temporal,42,promise_ivy
0.7338942307692308,0.35294117647058826,0.84375,XGBoost,temporal,42,promise_ivy
0.7357371794871795,0.28205128205128205,0.8409090909090909,LightGBM,temporal,42,promise_ivy
0.6850961538461537,0.3225806451612903,0.8210227272727273,SimpleMLP,temporal,42,promise_ivy
0.6494391025641025,0.21428571428571427,0.8125,ResNet,temporal,42,promise_ivy
0.8064102564102564,0.20408163265306123,0.8892045454545454,FTTransformer,temporal,42,promise_ivy
0.7012108262108262,0.4,0.6595744680851063,LogReg,random,123,promise_ivy
0.758368945868946,0.06666666666666667,0.8014184397163121,RandomForest,random,123,promise_ivy
0.7279202279202278,0.3157894736842105,0.8156028368794326,XGBoost,random,123,promise_ivy
0.7653133903133903,0.17647058823529413,0.8014184397163121,LightGBM,random,123,promise_ivy
0.74002849002849,0.3,0.8014184397163121,SimpleMLP,random,123,promise_ivy
0.6680911680911681,0.24390243902439024,0.7801418439716312,ResNet,random,123,promise_ivy
0.7546296296296297,0.30303030303030304,0.8368794326241135,FTTransformer,random,123,promise_ivy
0.6827724358974359,0.294478527607362,0.6732954545454546,LogReg,temporal,123,promise_ivy
0.7912660256410258,0.23333333333333334,0.8693181818181818,RandomForest,temporal,123,promise_ivy
0.7310897435897437,0.3023255813953488,0.8295454545454546,XGBoost,temporal,123,promise_ivy
0.7264423076923077,0.275,0.8352272727272727,LightGBM,temporal,123,promise_ivy
0.7185096153846153,0.36,0.8181818181818182,SimpleMLP,temporal,123,promise_ivy
0.690625,0.3333333333333333,0.8409090909090909,ResNet,temporal,123,promise_ivy
0.765224358974359,0.35,0.8522727272727273,FTTransformer,temporal,123,promise_ivy
0.780982905982906,0.44155844155844154,0.6950354609929078,LogReg,random,456,promise_ivy
0.7943376068376069,0.1935483870967742,0.8226950354609929,RandomForest,random,456,promise_ivy
0.7464387464387465,0.358974358974359,0.8226950354609929,XGBoost,random,456,promise_ivy
0.738960113960114,0.16216216216216217,0.7801418439716312,LightGBM,random,456,promise_ivy
0.7759971509971509,0.40816326530612246,0.7943262411347518,SimpleMLP,random,456,promise_ivy
0.701923076923077,0.2608695652173913,0.7588652482269503,ResNet,random,456,promise_ivy
0.7966524216524217,0.13793103448275862,0.8226950354609929,FTTransformer,random,456,promise_ivy
0.6827724358974359,0.294478527607362,0.6732954545454546,LogReg,temporal,456,promise_ivy
0.7745993589743589,0.20689655172413793,0.8693181818181818,RandomForest,temporal,456,promise_ivy
0.6954326923076922,0.3181818181818182,0.8295454545454546,XGBoost,temporal,456,promise_ivy
0.7342147435897436,0.29333333333333333,0.8494318181818182,LightGBM,temporal,456,promise_ivy
0.7223557692307692,0.30434782608695654,0.8181818181818182,SimpleMLP,temporal,456,promise_ivy
0.5778044871794872,0.24,0.8380681818181818,ResNet,temporal,456,promise_ivy
0.7970352564102564,0.3880597014925373,0.8835227272727273,FTTransformer,temporal,456,promise_ivy
0.8136025866470021,0.4888888888888889,0.7371428571428571,LogReg,random,42,promise_jedit
0.8071643314992342,0.38095238095238093,0.8142857142857143,RandomForest,random,42,promise_jedit
0.8144534573713766,0.37735849056603776,0.8114285714285714,XGBoost,random,42,promise_jedit
0.8056044018378806,0.37254901960784315,0.8171428571428572,LightGBM,random,42,promise_jedit
0.8478075897668614,0.42105263157894735,0.8428571428571429,SimpleMLP,random,42,promise_jedit
0.7897214816495547,0.34408602150537637,0.8257142857142857,ResNet,random,42,promise_jedit
0.8092915083101708,0.4077669902912621,0.8257142857142857,FTTransformer,random,42,promise_jedit
0.6565866565866566,0.07608695652173914,0.6544715447154471,LogReg,temporal,42,promise_jedit
0.8122283122283123,0.13513513513513514,0.8699186991869918,RandomForest,temporal,42,promise_jedit
0.8920808920808921,0.1348314606741573,0.8434959349593496,XGBoost,temporal,42,promise_jedit
0.8565488565488565,0.1411764705882353,0.8516260162601627,LightGBM,temporal,42,promise_jedit
0.7786807786807787,0.136986301369863,0.8719512195121951,SimpleMLP,temporal,42,promise_jedit
0.6975996975996975,0.10416666666666667,0.8252032520325203,ResNet,temporal,42,promise_jedit
0.7081837081837081,0.13186813186813187,0.8394308943089431,FTTransformer,temporal,42,promise_jedit
0.8000453797719667,0.4823529411764706,0.7485714285714286,LogReg,random,123,promise_jedit
0.8542458449146292,0.4117647058823529,0.8285714285714286,RandomForest,random,123,promise_jedit
0.8306200011344943,0.5137614678899083,0.8485714285714285,XGBoost,random,123,promise_jedit
0.8315843212887855,0.4528301886792453,0.8342857142857143,LightGBM,random,123,promise_jedit
0.8320948437234102,0.38636363636363635,0.8457142857142858,SimpleMLP,random,123,promise_jedit
0.7970956945941347,0.40404040404040403,0.8314285714285714,ResNet,random,123,promise_jedit
0.8120710193431279,0.4090909090909091,0.8514285714285714,FTTransformer,random,123,promise_jedit
0.6565866565866566,0.07608695652173914,0.6544715447154471,LogReg,temporal,123,promise_jedit
0.7884142884142883,0.136986301369863,0.8719512195121951,RandomForest,temporal,123,promise_jedit
0.8733698733698734,0.13793103448275862,0.8475609756097561,XGBoost,temporal,123,promise_jedit
0.8590058590058589,0.13793103448275862,0.8475609756097561,LightGBM,temporal,123,promise_jedit
0.7268947268947269,0.13333333333333333,0.8414634146341463,SimpleMLP,temporal,123,promise_jedit
0.6856926856926856,0.09523809523809523,0.806910569105691,ResNet,temporal,123,promise_jedit
0.69003969003969,0.12631578947368421,0.8313008130081301,FTTransformer,temporal,123,promise_jedit
0.7628906914742752,0.4293785310734463,0.7114285714285714,LogReg,random,456,promise_jedit
0.8180838391287084,0.45098039215686275,0.84,RandomForest,random,456,promise_jedit
0.790685801803846,0.5094339622641509,0.8514285714285714,XGBoost,random,456,promise_jedit
0.7662941743717736,0.41237113402061853,0.8371428571428572,LightGBM,random,456,promise_jedit
0.7852402291678485,0.43564356435643564,0.8371428571428572,SimpleMLP,random,456,promise_jedit
0.7981734641783426,0.4583333333333333,0.8514285714285714,ResNet,random,456,promise_jedit
0.7806455272562255,0.4090909090909091,0.8514285714285714,FTTransformer,random,456,promise_jedit
0.6565866565866566,0.07608695652173914,0.6544715447154471,LogReg,temporal,456,promise_jedit
0.7926667926667927,0.125,0.8577235772357723,RandomForest,temporal,456,promise_jedit
0.8720468720468721,0.1411764705882353,0.8516260162601627,XGBoost,temporal,456,promise_jedit
0.8676998676998677,0.13636363636363635,0.8455284552845529,LightGBM,temporal,456,promise_jedit
0.7231147231147231,0.10752688172043011,0.8313008130081301,SimpleMLP,temporal,456,promise_jedit
0.7378567378567379,0.09615384615384616,0.8089430894308943,ResNet,temporal,456,promise_jedit
0.608013608013608,0.1276595744680851,0.8333333333333334,FTTransformer,temporal,456,promise_jedit
0.741600790513834,0.6666666666666666,0.6624203821656051,LogReg,random,42,promise_lucene
0.7126152832674572,0.7159090909090909,0.6815286624203821,RandomForest,random,42,promise_lucene
0.7091567852437417,0.6820809248554913,0.6496815286624203,XGBoost,random,42,promise_lucene
0.715332674571805,0.6936416184971098,0.6624203821656051,LightGBM,random,42,promise_lucene
0.7432476943346508,0.73224043715847,0.6878980891719745,SimpleMLP,random,42,promise_lucene
0.7033926218708827,0.6627218934911243,0.6369426751592356,ResNet,random,42,promise_lucene
0.7669631093544138,0.6748466257668712,0.6624203821656051,FTTransformer,random,42,promise_lucene
0.7082089820574593,0.6444444444444445,0.6235294117647059,LogReg,temporal,42,promise_lucene
0.6452123260580347,0.65625,0.611764705882353,RandomForest,temporal,42,promise_lucene
0.630757613893783,0.6335078534031413,0.5882352941176471,XGBoost,temporal,42,promise_lucene
0.6299306029988134,0.659846547314578,0.6088235294117647,LightGBM,temporal,42,promise_lucene
0.6697709539390888,0.6595744680851063,0.6235294117647059,SimpleMLP,temporal,42,promise_lucene
0.6412570565603538,0.6033519553072626,0.5823529411764706,ResNet,temporal,42,promise_lucene
0.7503865377009098,0.7749419953596288,0.7147058823529412,FTTransformer,temporal,42,promise_lucene
0.7679512516469038,0.632258064516129,0.6369426751592356,LogReg,random,123,promise_lucene
0.7330368906455863,0.6927374301675978,0.6496815286624203,RandomForest,random,123,promise_lucene
0.7444828722002634,0.7103825136612022,0.6624203821656051,XGBoost,random,123,promise_lucene
0.7426712779973649,0.7032967032967034,0.6560509554140127,LightGBM,random,123,promise_lucene
0.7590579710144928,0.717391304347826,0.6687898089171974,SimpleMLP,random,123,promise_lucene
0.7378129117259552,0.6931818181818182,0.6560509554140127,ResNet,random,123,promise_lucene
0.7600461133069828,0.7333333333333333,0.6942675159235668,FTTransformer,random,123,promise_lucene
0.7082089820574593,0.6444444444444445,0.6235294117647059,LogReg,temporal,123,promise_lucene
0.6447628636151164,0.6632390745501285,0.6147058823529412,RandomForest,temporal,123,promise_lucene
0.6309373988709504,0.6511627906976745,0.6029411764705882,XGBoost,temporal,123,promise_lucene
0.6269821293732696,0.6530612244897959,0.6,LightGBM,temporal,123,promise_lucene
0.6814210204595303,0.656084656084656,0.6176470588235294,SimpleMLP,temporal,123,promise_lucene
0.6749128042860739,0.6737400530503979,0.638235294117647,ResNet,temporal,123,promise_lucene
0.7505303656826436,0.749379652605459,0.7029411764705882,FTTransformer,temporal,123,promise_lucene
0.7516469038208169,0.6530612244897959,0.6751592356687898,LogReg,random,456,promise_lucene
0.6940052700922266,0.6503067484662577,0.6369426751592356,RandomForest,random,456,promise_lucene
0.6824769433465085,0.6257668711656442,0.6114649681528662,XGBoost,random,456,promise_lucene
0.6893939393939394,0.6463414634146342,0.6305732484076433,LightGBM,random,456,promise_lucene
0.7030632411067192,0.6931818181818182,0.6560509554140127,SimpleMLP,random,456,promise_lucene
0.6684782608695652,0.6545454545454545,0.6369426751592356,ResNet,random,456,promise_lucene
0.7508234519104084,0.718562874251497,0.7006369426751592,FTTransformer,random,456,promise_lucene
0.7082089820574593,0.6444444444444445,0.6235294117647059,LogReg,temporal,456,promise_lucene
0.6391176153320628,0.6580976863753213,0.6088235294117647,RandomForest,temporal,456,promise_lucene
0.6248966236381288,0.6194225721784777,0.5735294117647058,XGBoost,temporal,456,promise_lucene
0.6335622595375929,0.673469387755102,0.6235294117647059,LightGBM,temporal,456,promise_lucene
0.6681888461400165,0.6557377049180327,0.6294117647058823,SimpleMLP,temporal,456,promise_lucene
0.6429470353457265,0.5971014492753624,0.5911764705882353,ResNet,temporal,456,promise_lucene
0.7287044694545325,0.6593406593406593,0.6352941176470588,FTTransformer,temporal,456,promise_lucene
0.6809964263191087,0.6600660066006601,0.6268115942028986,LogReg,random,42,promise_poi
0.6645469833928948,0.60431654676259,0.6014492753623188,RandomForest,random,42,promise_poi
0.6867511036367459,0.6105263157894737,0.5978260869565217,XGBoost,random,42,promise_poi
0.6901671221357999,0.6035087719298246,0.5905797101449275,LightGBM,random,42,promise_poi
0.6878810174479714,0.6824324324324325,0.6594202898550725,SimpleMLP,random,42,promise_poi
0.7132646626024807,0.6905537459283387,0.6557971014492754,ResNet,random,42,promise_poi
0.7411183519024596,0.7204968944099379,0.6739130434782609,FTTransformer,random,42,promise_poi
0.6809862735129639,0.7477313974591652,0.6855203619909502,LogReg,temporal,42,promise_poi
0.6997082292610685,0.654320987654321,0.6199095022624435,RandomForest,temporal,42,promise_poi
0.6918834685351782,0.5701559020044543,0.5633484162895928,XGBoost,temporal,42,promise_poi
0.701808094427621,0.5707865168539326,0.5678733031674208,LightGBM,temporal,42,promise_poi
0.6549479454477134,0.5591397849462365,0.5361990950226244,SimpleMLP,temporal,42,promise_poi
0.6409120045975996,0.5822784810126582,0.5520361990950227,ResNet,temporal,42,promise_poi
0.7904445082999934,0.7892976588628763,0.7149321266968326,FTTransformer,temporal,42,promise_poi
0.7101902459533319,0.6775244299674267,0.6413043478260869,LogReg,random,123,promise_poi
0.6591076308597856,0.6116838487972509,0.5905797101449275,RandomForest,random,123,promise_poi
0.682494219045617,0.5857142857142857,0.5797101449275363,XGBoost,random,123,promise_poi
0.6794986335926004,0.5845070422535211,0.572463768115942,LightGBM,random,123,promise_poi
0.755124027748581,0.6733333333333333,0.644927536231884,SimpleMLP,random,123,promise_poi
0.7542831616565062,0.6900958466453674,0.6485507246376812,ResNet,random,123,promise_poi
0.7554919066638638,0.6938775510204082,0.6739130434782609,FTTransformer,random,123,promise_poi
0.6809862735129639,0.7477313974591652,0.6855203619909502,LogReg,temporal,123,promise_poi
0.7062399151212395,0.697029702970297,0.6538461538461539,RandomForest,temporal,123,promise_poi
0.6940054375455891,0.5941043083900227,0.5950226244343891,XGBoost,temporal,123,promise_poi
0.7036869211555888,0.5853658536585366,0.5769230769230769,LightGBM,temporal,123,promise_poi
0.6572025375212749,0.6283367556468172,0.5904977375565611,SimpleMLP,temporal,123,promise_poi
0.6477420923498596,0.5384615384615384,0.5384615384615384,ResNet,temporal,123,promise_poi
0.7570013925421629,0.7906137184115524,0.7375565610859729,FTTransformer,temporal,123,promise_poi
0.675294303132226,0.64,0.6086956521739131,LogReg,random,456,promise_poi
0.6540098801765819,0.5806451612903226,0.5760869565217391,RandomForest,random,456,promise_poi
0.6578463317216734,0.5836298932384342,0.5760869565217391,XGBoost,random,456,promise_poi
0.6611835190245954,0.5663082437275986,0.5615942028985508,LightGBM,random,456,promise_poi
0.7159186462055918,0.6915254237288135,0.6702898550724637,SimpleMLP,random,456,promise_poi
0.722908345595964,0.7032258064516129,0.6666666666666666,ResNet,random,456,promise_poi
0.7218572629808703,0.6837060702875399,0.6413043478260869,FTTransformer,random,456,promise_poi
0.6809862735129639,0.7477313974591652,0.6855203619909502,LogReg,temporal,456,promise_poi
0.7135673393603147,0.7033398821218074,0.6583710407239819,RandomForest,temporal,456,promise_poi
0.7003492407329636,0.611353711790393,0.5972850678733032,XGBoost,temporal,456,promise_poi
0.7054552286642648,0.584070796460177,0.5746606334841629,LightGBM,temporal,456,promise_poi
0.6631484715191972,0.7032136105860114,0.6447963800904978,SimpleMLP,temporal,456,promise_poi
0.6557436838266175,0.6859344894026975,0.6312217194570136,ResNet,temporal,456,promise_poi
0.7142083508322098,0.7593582887700535,0.6945701357466063,FTTransformer,temporal,456,promise_poi
0.6710460460460461,0.6031746031746031,0.609375,LogReg,random,42,promise_velocity
0.6838088088088089,0.6891891891891891,0.640625,RandomForest,random,42,promise_velocity
0.6863113113113113,0.7066666666666667,0.65625,XGBoost,random,42,promise_velocity
0.6864364364364365,0.7066666666666667,0.65625,LightGBM,random,42,promise_velocity
0.6785535535535536,0.6527777777777778,0.609375,SimpleMLP,random,42,promise_velocity
0.6783033033033032,0.6619718309859155,0.625,ResNet,random,42,promise_velocity
0.6848098098098098,0.6923076923076923,0.625,FTTransformer,random,42,promise_velocity
0.7251655629139073,0.5990338164251208,0.6375545851528385,LogReg,temporal,42,promise_velocity
0.6011631856002717,0.5897435897435898,0.5807860262008734,RandomForest,temporal,42,promise_velocity
0.6343182204109357,0.5833333333333334,0.5633187772925764,XGBoost,temporal,42,promise_velocity
0.6543555781966378,0.575,0.5545851528384279,LightGBM,temporal,42,promise_velocity
0.705298013245033,0.555984555984556,0.4978165938864629,SimpleMLP,temporal,42,promise_velocity
0.6946001018848701,0.5247148288973384,0.45414847161572053,ResNet,temporal,42,promise_velocity
0.7092035999320768,0.5150501672240803,0.36681222707423583,FTTransformer,temporal,42,promise_velocity
0.668918918918919,0.6323529411764706,0.609375,LogReg,random,123,promise_velocity
0.7327327327327328,0.6857142857142857,0.65625,RandomForest,random,123,promise_velocity
0.7382382382382382,0.7142857142857143,0.6875,XGBoost,random,123,promise_velocity
0.7515015015015014,0.7285714285714285,0.703125,LightGBM,random,123,promise_velocity
0.6604104104104105,0.7012987012987013,0.640625,SimpleMLP,random,123,promise_velocity
0.6591591591591591,0.6802721088435374,0.6328125,ResNet,random,123,promise_velocity
0.7042042042042042,0.72,0.671875,FTTransformer,random,123,promise_velocity
0.7251655629139073,0.5990338164251208,0.6375545851528385,LogReg,temporal,123,promise_velocity
0.6101205637629479,0.5872340425531914,0.5764192139737991,RandomForest,temporal,123,promise_velocity
0.6266768551536763,0.5833333333333334,0.5633187772925764,XGBoost,temporal,123,promise_velocity
0.6508745118016641,0.5702127659574469,0.5589519650655022,LightGBM,temporal,123,promise_velocity
0.7032603158430973,0.5373134328358209,0.4585152838427948,SimpleMLP,temporal,123,promise_velocity
0.6811852606554594,0.5440613026819924,0.48034934497816595,ResNet,temporal,123,promise_velocity
0.6484971981660723,0.5274725274725275,0.4366812227074236,FTTransformer,temporal,123,promise_velocity
0.6213713713713713,0.5669291338582677,0.5703125,LogReg,random,456,promise_velocity
0.713963963963964,0.7114093959731543,0.6640625,RandomForest,random,456,promise_velocity
0.7264764764764765,0.6712328767123288,0.625,XGBoost,random,456,promise_velocity
0.728978978978979,0.684931506849315,0.640625,LightGBM,random,456,promise_velocity
0.7067067067067068,0.6928104575163399,0.6328125,SimpleMLP,random,456,promise_velocity
0.6774274274274275,0.6577181208053692,0.6015625,ResNet,random,456,promise_velocity
0.704954954954955,0.684931506849315,0.640625,FTTransformer,random,456,promise_velocity
0.7251655629139073,0.5990338164251208,0.6375545851528385,LogReg,temporal,456,promise_velocity
0.6175072168449652,0.5836909871244635,0.5764192139737991,RandomForest,temporal,456,promise_velocity
0.6365257259296995,0.5785123966942148,0.5545851528384279,XGBoost,temporal,456,promise_velocity
0.6548650025471217,0.5822784810126582,0.5676855895196506,LightGBM,temporal,456,promise_velocity
0.6766004415011038,0.5433962264150943,0.47161572052401746,SimpleMLP,temporal,456,promise_velocity
0.7125148582102224,0.5474452554744526,0.4585152838427948,ResNet,temporal,456,promise_velocity
0.6644591611479029,0.5234899328859061,0.3799126637554585,FTTransformer,temporal,456,promise_velocity
