auc,f1,accuracy,model,dataset,protocol,fold_id,seed
0.7437334829695855,0.5838562161012443,0.6331677135089528,LogReg,jit_apachejit_total,walkforward,1,42
0.7034854985841918,0.0,0.6727289772194619,XGBoost,jit_apachejit_total,walkforward,1,42
0.4706468638339645,0.0028591851322373,0.673057091965876,FTTransformer,jit_apachejit_total,walkforward,1,42
0.7623606695804852,0.5616522057924966,0.6637292584606731,LogReg,jit_apachejit_total,walkforward,2,42
0.8064871885543804,0.6138984573910439,0.7583200524983594,XGBoost,jit_apachejit_total,walkforward,2,42
0.7945390306768102,0.5934323690383112,0.7562576169494704,FTTransformer,jit_apachejit_total,walkforward,2,42
0.7507269185820534,0.3988209050350542,0.6463586090542693,LogReg,jit_apachejit_total,walkforward,3,42
0.8103706089349905,0.4638697909358776,0.8209297966069922,XGBoost,jit_apachejit_total,walkforward,3,42
0.8121840224312815,0.4744614550873865,0.8182116412034868,FTTransformer,jit_apachejit_total,walkforward,3,42
0.7351020674489486,0.6204515805318616,0.6639746972644971,LogReg,env_city_hour,walkforward,1,42
0.767609351487796,0.6433138129264493,0.7050827580692449,XGBoost,env_city_hour,walkforward,1,42
0.7687880325820569,0.653500531002369,0.698534964506872,FTTransformer,env_city_hour,walkforward,1,42
0.7578671504982349,0.5216416680402176,0.7421573069644714,LogReg,env_city_hour,walkforward,2,42
0.8001246484442595,0.5711601242137113,0.7607523299306129,XGBoost,env_city_hour,walkforward,2,42
0.7687524922908534,0.5373138660706511,0.7167657275869115,FTTransformer,env_city_hour,walkforward,2,42
0.7429954987674328,0.5167718474308172,0.7367336241437824,LogReg,env_city_hour,walkforward,3,42
0.7862724138984866,0.5665439946470392,0.7697918425003776,XGBoost,env_city_hour,walkforward,3,42
0.7793289387725844,0.5634613221041804,0.7586954397249442,FTTransformer,env_city_hour,walkforward,3,42
0.5145833333333334,0.3298969072164948,0.6348314606741573,LogReg,promise_ant,walkforward,1,42
0.5473731884057971,0.2580645161290322,0.7415730337078652,XGBoost,promise_ant,walkforward,1,42
0.5961050724637681,0.0,0.7752808988764045,FTTransformer,promise_ant,walkforward,1,42
0.7605363984674329,0.3308270676691729,0.6962457337883959,LogReg,promise_ant,walkforward,2,42
0.6352969348659004,0.2077922077922078,0.7918088737201365,XGBoost,promise_ant,walkforward,2,42
0.7163553639846744,0.2222222222222222,0.8805460750853242,FTTransformer,promise_ant,walkforward,2,42
0.7768171898606682,0.5841584158415841,0.7606837606837606,LogReg,promise_ant,walkforward,3,42
0.7348077891556153,0.3220338983050847,0.7720797720797721,XGBoost,promise_ant,walkforward,3,42
0.7978428739298304,0.1523809523809524,0.7464387464387464,FTTransformer,promise_ant,walkforward,3,42
0.798156355993924,0.5468354430379747,0.7597315436241611,LogReg,promise_ant,walkforward,4,42
0.7534126141873192,0.4649446494464944,0.8053691275167785,XGBoost,promise_ant,walkforward,4,42
0.7914247664232057,0.4330708661417323,0.8067114093959732,FTTransformer,promise_ant,walkforward,4,42
0.5417375283446711,0.2958579881656805,0.6085526315789473,LogReg,promise_camel,walkforward,1,42
0.5423516628873771,0.0446428571428571,0.6480263157894737,XGBoost,promise_camel,walkforward,1,42
0.5615197467876039,0.0,0.6447368421052632,FTTransformer,promise_camel,walkforward,1,42
0.6608357444386472,0.3628117913832199,0.6777522935779816,LogReg,promise_camel,walkforward,2,42
0.7437840914480861,0.4378698224852071,0.7821100917431193,XGBoost,promise_camel,walkforward,2,42
0.6818005027747475,0.2307692307692307,0.8394495412844036,FTTransformer,promise_camel,walkforward,2,42
0.6319929351844246,0.3611111111111111,0.666321243523316,LogReg,promise_camel,walkforward,3,42
0.7344601440346121,0.3746031746031746,0.7958549222797927,XGBoost,promise_camel,walkforward,3,42
0.6356827952572633,0.3054545454545455,0.8020725388601037,FTTransformer,promise_camel,walkforward,3,42
0.7288888888888889,0.2222222222222222,0.6514522821576764,LogReg,promise_ivy,walkforward,1,42
0.7041666666666667,0.1654135338345864,0.5394190871369294,XGBoost,promise_ivy,walkforward,1,42
0.7402777777777777,0.2015503875968992,0.5726141078838174,FTTransformer,promise_ivy,walkforward,1,42
0.6825320512820512,0.294478527607362,0.6732954545454546,LogReg,promise_ivy,walkforward,2,42
0.7250801282051283,0.3058823529411765,0.8323863636363636,XGBoost,promise_ivy,walkforward,2,42
0.7434294871794871,0.2933333333333333,0.8494318181818182,FTTransformer,promise_ivy,walkforward,2,42
0.7982395382395383,0.5803108808290155,0.7352941176470589,LogReg,promise_jedit,walkforward,1,42
0.8153823953823954,0.5930232558139535,0.7712418300653595,XGBoost,promise_jedit,walkforward,1,42
0.7794227994227994,0.542713567839196,0.7026143790849673,FTTransformer,promise_jedit,walkforward,1,42
0.822893464442875,0.5841584158415841,0.7307692307692307,LogReg,promise_jedit,walkforward,2,42
0.8396262291519532,0.609271523178808,0.8108974358974359,XGBoost,promise_jedit,walkforward,2,42
0.8136578475579943,0.5906040268456376,0.8044871794871795,FTTransformer,promise_jedit,walkforward,2,42
0.8631792058516197,0.4307692307692308,0.6975476839237057,LogReg,promise_jedit,walkforward,3,42
0.8573667711598746,0.484375,0.8201634877384196,XGBoost,promise_jedit,walkforward,3,42
0.8460684430512018,0.5116279069767442,0.885558583106267,FTTransformer,promise_jedit,walkforward,3,42
0.6565866565866566,0.0760869565217391,0.6544715447154471,LogReg,promise_jedit,walkforward,4,42
0.8418068418068417,0.1318681318681318,0.8394308943089431,XGBoost,promise_jedit,walkforward,4,42
0.6524286524286524,0.1265822784810126,0.8597560975609756,FTTransformer,promise_jedit,walkforward,4,42
0.6459681769147788,0.6129032258064516,0.611336032388664,LogReg,promise_lucene,walkforward,1,42
0.6311353829557713,0.6040816326530613,0.6072874493927125,XGBoost,promise_lucene,walkforward,1,42
0.6389563106796117,0.6451612903225806,0.5991902834008097,FTTransformer,promise_lucene,walkforward,1,42
0.7086764229980942,0.6444444444444445,0.6235294117647059,LogReg,promise_lucene,walkforward,2,42
0.6382726259393765,0.6527415143603134,0.6088235294117647,XGBoost,promise_lucene,walkforward,2,42
0.7459638272625939,0.7579462102689487,0.7088235294117647,FTTransformer,promise_lucene,walkforward,2,42
0.4926822128988194,0.1727272727272727,0.4203821656050955,LogReg,promise_poi,walkforward,1,42
0.4994145770319056,0.2145922746781116,0.4171974522292994,XGBoost,promise_poi,walkforward,1,42
0.5168796955800566,0.194331983805668,0.3662420382165605,FTTransformer,promise_poi,walkforward,1,42
0.6929303037438191,0.6113744075829384,0.574025974025974,LogReg,promise_poi,walkforward,2,42
0.6067812573581353,0.2297297297297297,0.4077922077922078,XGBoost,promise_poi,walkforward,2,42
0.733046856604662,0.2105263157894736,0.4155844155844156,FTTransformer,promise_poi,walkforward,2,42
0.6812515196392653,0.7477313974591652,0.6855203619909502,LogReg,promise_poi,walkforward,3,42
0.6897172918370506,0.6004228329809725,0.5723981900452488,XGBoost,promise_poi,walkforward,3,42
0.6770738931500186,0.7855917667238422,0.7171945701357466,FTTransformer,promise_poi,walkforward,3,42
0.4008215962441314,0.7393939393939394,0.5981308411214953,LogReg,promise_velocity,walkforward,1,42
0.5161384976525821,0.7894736842105263,0.6635514018691588,XGBoost,promise_velocity,walkforward,1,42
0.3904538341158059,0.7355623100303952,0.5934579439252337,FTTransformer,promise_velocity,walkforward,1,42
0.7253353710307353,0.5990338164251208,0.6375545851528385,LogReg,promise_velocity,walkforward,2,42
0.6405162166751571,0.5833333333333334,0.5633187772925764,XGBoost,promise_velocity,walkforward,2,42
0.6947699100016981,0.5082508250825083,0.3493449781659388,FTTransformer,promise_velocity,walkforward,2,42
0.6141608322659285,0.0,0.6727289772194619,RandomForest,jit_apachejit_total,walkforward,1,42
0.7608501501472014,0.0,0.6727289772194619,LightGBM,jit_apachejit_total,walkforward,1,42
0.678966305736969,0.11827526364971298,0.6904002999906252,SimpleMLP,jit_apachejit_total,walkforward,1,42
0.570297727880931,0.054016620498614956,0.6798537545701697,ResNet,jit_apachejit_total,walkforward,1,42
0.8070668824386099,0.6071516242533345,0.7749601574950783,RandomForest,jit_apachejit_total,walkforward,2,42
0.8140682777357392,0.6155482939433088,0.7628667854129558,LightGBM,jit_apachejit_total,walkforward,2,42
0.7835817785879584,0.5917998191136569,0.746132933345833,SimpleMLP,jit_apachejit_total,walkforward,2,42
0.7850056983054898,0.5960079840319361,0.7153838942533046,ResNet,jit_apachejit_total,walkforward,2,42
0.7987387805438869,0.4549075391180654,0.820414284375293,RandomForest,jit_apachejit_total,walkforward,3,42
0.8129696054522036,0.47035903145004176,0.8216327678320368,LightGBM,jit_apachejit_total,walkforward,3,42
0.8115324066130571,0.45837739839854963,0.8319898772143594,SimpleMLP,jit_apachejit_total,walkforward,3,42
0.8056389971650425,0.4169111302847282,0.8416440153716375,ResNet,jit_apachejit_total,walkforward,3,42
0.7602994516271202,0.6409969137107344,0.6982328953330312,RandomForest,env_city_hour,walkforward,1,42
0.7669340164917036,0.6516280853798866,0.7014401592082233,LightGBM,env_city_hour,walkforward,1,42
0.7248408965999701,0.5881922420102464,0.6700693870661087,SimpleMLP,env_city_hour,walkforward,1,42
0.7339057786770598,0.6255406735674015,0.6654228524214398,ResNet,env_city_hour,walkforward,1,42
0.8076415961226353,0.5854049719326383,0.7703385840063257,RandomForest,env_city_hour,walkforward,2,42
0.8034173181767675,0.5703799037132371,0.7597750473093633,LightGBM,env_city_hour,walkforward,2,42
0.7731181417623552,0.5436170872341745,0.7384080954538589,SimpleMLP,env_city_hour,walkforward,2,42
0.7751392285594698,0.5459728939041136,0.7297547020620664,ResNet,env_city_hour,walkforward,2,42
0.8167211124200701,0.5907940080174414,0.7932284401958084,RandomForest,env_city_hour,walkforward,3,42
0.7904293008133966,0.5593431789061973,0.7677840066098668,LightGBM,env_city_hour,walkforward,3,42
0.7807091316201025,0.5614023665749768,0.7605966648602066,SimpleMLP,env_city_hour,walkforward,3,42
0.7735371211651292,0.5669871078321782,0.7418864773141197,ResNet,env_city_hour,walkforward,3,42
0.615036231884058,0.20689655172413793,0.7415730337078652,RandomForest,promise_ant,walkforward,1,42
0.5553442028985507,0.21875,0.7191011235955056,LightGBM,promise_ant,walkforward,1,42
0.5365036231884057,0.27586206896551724,0.6460674157303371,SimpleMLP,promise_ant,walkforward,1,42
0.5468297101449275,0.1935483870967742,0.7191011235955056,ResNet,promise_ant,walkforward,1,42
0.6698994252873564,0.19672131147540983,0.8327645051194539,RandomForest,promise_ant,walkforward,2,42
0.6493055555555557,0.2716049382716049,0.7986348122866894,LightGBM,promise_ant,walkforward,2,42
0.7638888888888888,0.3392857142857143,0.7474402730375427,SimpleMLP,promise_ant,walkforward,2,42
0.8153735632183909,0.3389830508474576,0.8668941979522184,ResNet,promise_ant,walkforward,2,42
0.7645836830619439,0.2542372881355932,0.7492877492877493,RandomForest,promise_ant,walkforward,3,42
0.7616249790162833,0.27350427350427353,0.7578347578347578,LightGBM,promise_ant,walkforward,3,42
0.7811818029209333,0.5680473372781065,0.792022792022792,SimpleMLP,promise_ant,walkforward,3,42
0.756882659056572,0.2782608695652174,0.7635327635327636,ResNet,promise_ant,walkforward,3,42
0.7763853340824438,0.42105263157894735,0.8080536912751678,RandomForest,promise_ant,walkforward,4,42
0.7567732068169049,0.45185185185185184,0.8013422818791947,LightGBM,promise_ant,walkforward,4,42
0.7794702124560418,0.5388888888888889,0.7771812080536913,SimpleMLP,promise_ant,walkforward,4,42
0.7912270845038185,0.411522633744856,0.8080536912751678,ResNet,promise_ant,walkforward,4,42
0.5505479969765684,0.02702702702702703,0.6447368421052632,RandomForest,promise_camel,walkforward,1,42
0.5493433484504913,0.05286343612334802,0.6463815789473685,LightGBM,promise_camel,walkforward,1,42
0.5248960695389266,0.2550335570469799,0.6348684210526315,SimpleMLP,promise_camel,walkforward,1,42
0.5007794784580499,0.036036036036036036,0.6480263157894737,ResNet,promise_camel,walkforward,1,42
0.7585305696532751,0.4180064308681672,0.7924311926605505,RandomForest,promise_camel,walkforward,2,42
0.735597400749419,0.4431137724550898,0.786697247706422,LightGBM,promise_camel,walkforward,2,42
0.6934212398614998,0.3785488958990536,0.7740825688073395,SimpleMLP,promise_camel,walkforward,2,42
0.6882322250154153,0.15853658536585366,0.841743119266055,ResNet,promise_camel,walkforward,2,42
0.7125845450313535,0.3509933774834437,0.7968911917098446,RandomForest,promise_camel,walkforward,3,42
0.7243763520359265,0.3684210526315789,0.8010362694300518,LightGBM,promise_camel,walkforward,3,42
0.6789410991538651,0.37850467289719625,0.7243523316062176,SimpleMLP,promise_camel,walkforward,3,42
0.7051603275007531,0.26717557251908397,0.8010362694300518,ResNet,promise_camel,walkforward,3,42
0.747638888888889,0.18571428571428572,0.5269709543568465,RandomForest,promise_ivy,walkforward,1,42
0.7380555555555556,0.19696969696969696,0.5601659751037344,LightGBM,promise_ivy,walkforward,1,42
0.7863888888888888,0.23853211009174313,0.6556016597510373,SimpleMLP,promise_ivy,walkforward,1,42
0.8052777777777778,0.22900763358778625,0.5809128630705395,ResNet,promise_ivy,walkforward,1,42
0.7721554487179487,0.3548387096774194,0.8863636363636364,RandomForest,promise_ivy,walkforward,2,42
0.7357371794871795,0.28205128205128205,0.8409090909090909,LightGBM,promise_ivy,walkforward,2,42
0.7508814102564102,0.3709677419354839,0.7784090909090909,SimpleMLP,promise_ivy,walkforward,2,42
0.7220352564102565,0.2608695652173913,0.8551136363636364,ResNet,promise_ivy,walkforward,2,42
0.8289177489177489,0.6035502958579881,0.7810457516339869,RandomForest,promise_jedit,walkforward,1,42
0.813997113997114,0.5847953216374269,0.7679738562091504,LightGBM,promise_jedit,walkforward,1,42
0.7809235209235209,0.5524861878453039,0.7352941176470589,SimpleMLP,promise_jedit,walkforward,1,42
0.7312842712842712,0.4563758389261745,0.7352941176470589,ResNet,promise_jedit,walkforward,1,42
0.8543217254305427,0.6081081081081081,0.8141025641025641,RandomForest,promise_jedit,walkforward,2,42
0.8506003150975172,0.6274509803921569,0.8173076923076923,LightGBM,promise_jedit,walkforward,2,42
0.8252295322431683,0.5652173913043478,0.7435897435897436,SimpleMLP,promise_jedit,walkforward,2,42
0.8069212799478459,0.5174825174825175,0.7788461538461539,ResNet,promise_jedit,walkforward,2,42
0.8606648380355277,0.5,0.8365122615803815,RandomForest,promise_jedit,walkforward,3,42
0.8575626959247649,0.4806201550387597,0.8174386920980926,LightGBM,promise_jedit,walkforward,3,42
0.8644200626959248,0.43636363636363634,0.7465940054495913,SimpleMLP,promise_jedit,walkforward,3,42
0.8565177638453499,0.5132743362831859,0.8501362397820164,ResNet,promise_jedit,walkforward,3,42
0.8122283122283123,0.13513513513513514,0.8699186991869918,RandomForest,promise_jedit,walkforward,4,42
0.8565488565488565,0.1411764705882353,0.8516260162601627,LightGBM,promise_jedit,walkforward,4,42
0.6745416745416746,0.0875,0.7032520325203252,SimpleMLP,promise_jedit,walkforward,4,42
0.6845586845586845,0.13157894736842105,0.8658536585365854,ResNet,promise_jedit,walkforward,4,42
0.6537216828478966,0.6290322580645161,0.6275303643724697,RandomForest,promise_lucene,walkforward,1,42
0.6348435814455231,0.6008230452674898,0.6072874493927125,LightGBM,promise_lucene,walkforward,1,42
0.6485302049622437,0.47706422018348627,0.5384615384615384,SimpleMLP,promise_lucene,walkforward,1,42
0.651564185544768,0.5178571428571429,0.562753036437247,ResNet,promise_lucene,walkforward,1,42
0.6452123260580347,0.65625,0.611764705882353,RandomForest,promise_lucene,walkforward,2,42
0.6299306029988134,0.659846547314578,0.6088235294117647,LightGBM,promise_lucene,walkforward,2,42
0.7425838696918486,0.7315789473684211,0.7,SimpleMLP,promise_lucene,walkforward,2,42
0.6982848513178239,0.6358381502890174,0.6294117647058823,ResNet,promise_lucene,walkforward,2,42
0.5067323641330861,0.226890756302521,0.4140127388535032,RandomForest,promise_poi,walkforward,1,42
0.5274173090057567,0.21008403361344538,0.4012738853503185,LightGBM,promise_poi,walkforward,1,42
0.5189286759683871,0.16071428571428573,0.4012738853503185,SimpleMLP,promise_poi,walkforward,1,42
0.5183432530002927,0.2,0.31210191082802546,ResNet,promise_poi,walkforward,1,42
0.5852955027077937,0.27906976744186046,0.43636363636363634,RandomForest,promise_poi,walkforward,2,42
0.6051036025429716,0.19310344827586207,0.3922077922077922,LightGBM,promise_poi,walkforward,2,42
0.700141276194961,0.40816326530612246,0.4727272727272727,SimpleMLP,promise_poi,walkforward,2,42
0.7536790675771133,0.0622568093385214,0.37402597402597404,ResNet,promise_poi,walkforward,2,42
0.6997082292610685,0.654320987654321,0.6199095022624435,RandomForest,promise_poi,walkforward,3,42
0.701808094427621,0.5707865168539326,0.5678733031674208,LightGBM,promise_poi,walkforward,3,42
0.755409915784355,0.6233183856502242,0.6199095022624435,SimpleMLP,promise_poi,walkforward,3,42
0.7168166044075065,0.57847533632287,0.5746606334841629,ResNet,promise_poi,walkforward,3,42
0.41617762128325514,0.7884057971014493,0.6588785046728972,RandomForest,promise_velocity,walkforward,1,42
0.5257237871674492,0.783625730994152,0.6542056074766355,LightGBM,promise_velocity,walkforward,1,42
0.3615023474178404,0.6578947368421053,0.514018691588785,SimpleMLP,promise_velocity,walkforward,1,42
0.4738849765258216,0.7652173913043478,0.6214953271028038,ResNet,promise_velocity,walkforward,1,42
0.6012056376294787,0.5897435897435898,0.5807860262008734,RandomForest,promise_velocity,walkforward,2,42
0.6543555781966378,0.575,0.5545851528384279,LightGBM,promise_velocity,walkforward,2,42
0.6492613346917983,0.5365853658536586,0.5851528384279476,SimpleMLP,promise_velocity,walkforward,2,42
0.6754117846833079,0.5360824742268041,0.4104803493449782,ResNet,promise_velocity,walkforward,2,42
